1,454545,2023-11-24 16:40:00,2023-11-24 16:40:00
1,454545,2023-11-24 16:40:00,2023-11-24 16:40:00
1,454545,2023-11-24 16:40:00,2023-11-24 16:40:00
3,454545,2023-11-24 16:39:00,2023-11-24 16:41:00
3,454545,2023-11-24 16:39:00,2023-11-24 16:41:00
3,454545,2023-11-24 16:31:00,2023-11-24 16:41:00
3,454545,2023-11-24 16:35:00,2023-11-24 16:41:00
123,454545,2023-11-24 16:35:00,2023-11-24 16:45:00
123,454545,2023-11-24 16:35:00,2023-11-24 16:45:00
12345,454545,2023-11-24 16:52:00,2023-11-24 17:46:00
12345,454545,2023-11-24 16:52:00,2023-11-24 17:46:00
12345,454545,2023-11-24 16:52:00,2023-11-24 17:46:00
234,454545,2023-11-24 18:54:00,2023-11-24 19:46:00
234,454545,2023-11-24 18:54:00,2023-11-24 19:46:00
1,454545,2023-11-24 16:55:00,2023-11-24 16:55:00
1,454545,2023-11-24 16:55:00,2023-11-24 17:55:00
3,454545,2023-11-24 16:51:00,2023-11-24 17:55:00
1,454545,2023-11-24 18:51:00,2023-11-24 19:55:00
123,454545,2023-11-24 16:56:00,2023-11-24 16:56:00
234,454545,2023-11-24 16:56:00,2023-11-24 16:56:00
1,454545,2023-11-24 17:56:00,2023-11-24 17:56:00
3,454545,2023-11-24 17:56:00,2023-11-24 17:56:00
123,454545,2023-11-24 17:56:00,2023-11-24 17:56:00
12345,454545,2023-11-24 17:56:00,2023-11-24 17:56:00
234,454545,2023-11-24 17:56:00,2023-11-24 17:56:00
3,454545,2023-11-24 18:56:00,2023-11-24 19:00:00
123,454545,2023-11-24 18:57:00,2023-11-24 19:03:00
12345,454545,2023-11-24 18:01:00,2023-11-24 19:03:00
3,454545,2023-11-24 19:09:00,2023-11-24 19:15:00
123,454545,2023-11-24 17:05:00,2023-11-24 17:05:00
234,454545,2023-11-24 17:05:00,2023-11-24 17:05:00
1,454545,2023-11-24 18:05:00,2023-11-24 18:05:00
4,454545,2023-11-24 20:03:00,2023-11-24 20:03:00
1,4431020304,2023-11-27 11:30:00,2023-11-27 12:00:00
1,4431020304,2023-12-01 13:12:00,2023-12-01 13:30:00
